2m Temperature (hr. avg) (F),2m Relative Humidity (percent),2m Station Pressure (mb)
39.4,53,1006
38.1,54,1006
38.5,52,1006
38.7,49,1005
40.2,47,1006
40.8,42,1006
41.8,48,1006
42.2,46,1006
45.7,42,1006
51.1,32,1006
54.2,31,1005
58.6,28,1003
62.8,28,1002
65.2,26,1001
67.1,26,1000
67.9,27,999
69.7,26,999
69.3,27,999
67,31,999
64.8,33,999
63.9,34,1000
62.8,38,1000
61.6,38,1000
61,40,1001
60.4,41,1001
59.7,44,1001
58.7,47,1001
57.3,51,1001
56.2,54,1001
55.1,58,1002
54.4,58,1002
56.9,55,1002
59.4,50,1003
63.5,42,1003
68.2,42,1002
72,34,1002
74.6,34,1001
76.5,25,1000
77.9,27,999
78.6,26,998
78.5,27,998
77.6,26,998
74.8,30,998
71.6,33,998
68.6,39,998
67.3,39,998
67,43,999
65.2,46,998
63.2,49,998
61.8,49,998
60.7,52,997
59.3,54,997
57.8,57,998
55.7,62,999
55.7,58,1000
59.3,49,1000
63,47,1000
67,41,1000
71.4,33,999
75.3,31,999
77.8,30,998
79.7,25,997
81,23,996
82.3,22,995
82.1,26,995
80.6,29,995
77.3,35,995
74.1,39,995
72.3,38,996
70.8,39,996
68.5,44,996
66.4,48,996
64.9,47,995
63.9,49,995
62.9,52,994
61.6,55,994
60.6,60,994
59.3,63,995
58.8,65,995
61.2,59,995
64.1,54,995
68.3,46,995
72.2,46,995
74.6,40,994
76,37,994
76.9,35,993
76.6,35,992
76.5,37,992
77,36,992
76.4,38,992
75.1,43,992
72.3,49,993
71,51,993
69.4,52,993
68.3,54,993
66.8,54,993
65.5,55,992
64.7,55,992
63.6,60,992
62.6,64,992
62.5,68,992
62.7,71,992
62.9,72,993
65.1,69,993
68.3,64,993
71.7,60,993
72.9,63,994
63.3,87,995
64,79,994
65.2,79,993
66.8,65,993
70,61,993
71.6,57,993
71.8,58,994
70.1,64,994
67.1,70,995
65.3,77,996
63.8,82,997
62.3,87,998
60.4,89,998
58,91,999
59.1,61,999
58.7,45,1000
56.7,46,1000
53.9,50,1000
51.7,56,1002
51.4,50,1003
54.1,48,1004
57.5,50,1005
59.9,57,1005
61.7,55,1006
63.2,47,1005
64.7,44,1005
65.2,42,1005
66.5,42,1005
66.9,44,1004
65.6,41,1005
63.2,50,1005
59.8,53,1005
57.2,56,1006
55.4,59,1006
54,57,1006
51.7,62,1006
49.9,54,1006
47.9,56,1005
46.2,73,1004
42.9,87,1004
41.1,90,1004
40.9,92,1003
40.9,93,1003
40.6,93,1004
40.1,93,1004
39.8,92,1003
40.5,92,1003
41.4,92,1002
41.8,92,1002
42.6,91,1002
43.6,90,1002
43.6,90,1002
43.5,89,1002
43.2,89,1002
42.9,89,1002
42.6,91,1002
42.1,92,1003
41.8,92,1003
41.7,91,1003
41.5,92,1003
41.5,92,1004
41.3,92,1003
40.9,93,1003
40.7,93,1003
40.5,93,1003
40,93,1003
40.1,91,1004
40.3,91,1004
41.1,89,1005
42.3,86,1005
43.3,86,1005
43.5,86,1006
43.9,85,1004
44.4,85,1004
44.3,87,1003
44.3,89,1002
44.6,90,1002
44.6,90,1001
44.6,91,1001
44.2,92,1001
43.8,93,1001
43.8,93,1001
43.7,93,1000
43.5,93,999
43,93,998
42.5,92,997
42.1,92,996
41.7,93,996
41.5,93,996
41.3,93,995
41.1,93,995
40.9,92,995
40.7,92,996
40.7,91,996
41.1,90,996
41.4,90,996
42.2,89,995
42.9,88,995
43.3,87,995
43.2,90,995
43.7,85,994
43.6,87,994
43.3,89,994
42.3,92,994
41.8,90,994
41.6,91,995
41.4,92,994
41.2,92,994
41.1,92,992
41.6,92,991
42.5,92,990
43.2,92,991
43.6,92,990
43.7,92,989
43.8,91,988
44,89,987
44.2,90,986
44.1,91,986
44.3,91,985
44.8,92,985
44.9,93,984
45.2,92,985
45.9,92,985
46.9,90,985
46.9,90,985
47,90,986
46.7,89,986
46,88,986
45.7,88,987
45.2,89,988
44.3,91,988
43.6,91,988
43.1,92,988
42.8,91,988
42.5,92,987
42.2,92,987
42.1,92,987
41.8,92,987
41.6,92,987
41.7,91,988
41.8,91,988
41.7,91,988
42.2,89,987
42.9,87,987
44,84,987
45.1,82,986
46.1,80,986
46.8,80,985
47.3,79,985
48.5,75,986
50.3,71,986
50.5,79,986
46.4,88,987
46.9,80,987
49.6,77,987
49,78,986
46.8,82,987
45.4,79,987
45.5,80,986
46.1,79,987
45.9,79,987
45.5,83,988
45.6,81,988
46.5,77,989
50.4,65,990
54.9,48,990
59.3,37,990
62.5,35,990
65.2,31,990
67.2,30,990
69.3,29,990
71.1,27,990
72.6,30,990
73,26,990
73,26,990
69.9,35,991
63.9,41,992
60.2,60,993
56.2,65,993
54.3,74,994
52.6,66,995
52.3,71,995
52.9,67,995
51.6,80,996
48.1,82,996
49.1,77,997
47.6,61,998
49.7,66,999
55.5,46,1000
60,40,1001
62.6,32,1001
64.7,30,1001
67.2,29,1001
68.9,33,1001
70.4,29,1001
71,33,1000
71.4,26,1000
72.4,26,1001
71.9,25,1001
68.5,39,1001
62.2,51,1002
58.9,56,1003
58.5,49,1004
58.2,48,1004
58,61,1004
55.5,75,1005
53.7,83,1005
51.2,89,1006
48.5,92,1006
47.5,86,1006
46.7,82,1007
48.3,78,1008
54,59,1008
58.5,59,1009
62.3,55,1009
67,44,1009
70.1,42,1008
71.9,42,1008
73.9,39,1007
74.9,42,1007
75.8,32,1006
75.7,35,1006
74.8,35,1006
71.8,43,1006
67.9,48,1007
66.2,54,1008
63.9,60,1008
61.9,59,1008
60.1,53,1008
57.8,52,1007
56.2,59,1007
55,72,1006
54.3,77,1006
52.8,85,1007
51.4,88,1007
53.4,82,1007
59.5,73,1007
64.2,70,1007
67.3,64,1007
70.5,54,1006
73.1,51,1006
75.5,45,1004
77.7,40,1003
79.2,31,1002
79.7,33,1001
79.7,31,1001
78.7,34,1001
75.2,45,1001
71.9,49,1001
69.6,52,1001
68.1,54,1000
67,60,1001
65.2,61,1000
63.5,65,1000
61.7,67,1000
60.8,70,999
60.1,72,1000
59.3,75,1000
58.5,76,1000
58.5,72,1000
61.6,59,1000
65.7,51,1000
69.4,52,1000
72.3,43,999
75.1,42,998
78,29,997
79.9,30,996
80.3,27,996
80.7,26,995
80.3,26,995
78.9,36,995
74.8,42,995
71.6,47,995
69.6,51,996
67.7,56,996
66,61,996
64,64,996
62.4,68,996
60.8,73,995
59.6,76,995
59,77,995
58.9,80,995
56.7,85,995
57.5,79,996
62.7,72,997
67.3,61,997
71.2,58,997
74.4,43,997
75.8,40,996
76.9,33,996
77.6,32,996
78,34,996
76.7,34,995
73.9,58,996
64.8,66,998
57.8,75,998
53.3,81,1000
50.4,85,1001
49.2,86,1001
48.2,87,1001
47.7,88,1001
47.4,90,1002
47.1,91,1001
46.8,91,1001
46.8,91,1001
46.5,93,1001
46.4,93,1002
46.5,93,1003
46.7,93,1003
47.5,91,1003
47.9,91,1004
48.2,91,1004
48.7,90,1003
49.4,91,1004
49.9,91,1004
50.8,90,1003
51.2,91,1002
51.2,92,1003
50.9,93,1003
50.7,93,1003
50.7,93,1004
50.4,93,1004
50.2,94,1004
49.9,93,1005
49.6,93,1005
49.2,94,1005
48.8,94,1004
48.6,94,1005
48.4,94,1004
48,94,1005
47.8,94,1005
48.1,95,1006
48.7,95,1006
49.4,95,1006
50.3,95,1007
51.5,95,1007
52.9,93,1007
53.7,88,1006
55.1,86,1006
55.3,86,1005
55.3,85,1005
55.5,87,1005
55.3,87,1005
54.8,89,1005
54.4,89,1006
53.3,91,1007
51.4,92,1007
50.6,93,1006
50.4,93,1006
50.2,92,1005
49.1,93,1005
49.2,93,1005
49.1,93,1005
48.8,92,1005
48.4,91,1005
48.5,90,1005
50.8,75,1005
53.8,69,1005
56.9,61,1005
58.7,58,1005
60.9,50,1004
62,55,1004
64.2,51,1003
65.1,49,1003
67.3,47,1002
69.1,46,1001
69.5,49,1001
66.1,64,1001
59.9,75,1001
57.3,76,1001
56.8,71,1000
55.7,77,1000
54.8,70,1000
55.7,74,1000
55.8,77,999
56.2,79,999
53.8,84,998
52.3,87,997
50.9,89,998
53.5,84,998
58,78,997
61.4,76,997
64.1,75,997
65.4,75,997
66.7,72,996
67.8,72,995
70.7,66,994
72.4,67,993
70.8,78,992
66.7,88,992
66.1,87,991
65.5,91,991
64.8,92,991
64.1,93,991
63.7,93,990
63.4,92,990
63.6,92,990
64,91,989
64.1,90,988
63.2,91,988
63,91,988
62.8,91,988
62.1,92,989
61.4,93,989
63.9,73,989
66.7,52,989
68.5,51,989
68.8,49,989
68.8,44,988
70.3,45,988
70.7,38,988
70.8,43,988
69.1,43,988
69.7,38,988
68.3,41,989
65,46,990
61.8,48,991
59.1,49,992
55.6,56,993
52.7,62,993
50.6,68,993
48.8,72,993
46.9,73,993
45.9,74,994
45.6,71,994
45.4,72,995
42.9,83,995
43.3,72,996
49.4,61,997
53.3,48,997
55.6,41,997
58,37,997
60.2,42,996
62.1,34,996
64.8,34,995
67,31,995
67.3,27,995
67.6,31,995
67.1,24,995
64,34,996
57.8,46,996
53.4,58,996
51.8,62,997
48.1,68,997
48.9,48,997
50.9,46,997
49.8,62,997
47.2,61,997
47.3,68,998
44.8,76,998
41.7,82,999
43.4,79,1000
54.1,47,1000
58,36,1000
61.1,28,1000
62.9,31,999
65,27,1000
67,22,999
68,20,997
68.4,22,996
69.9,30,996
70.3,21,996
69.2,26,996
65.5,37,995
61,40,995
60.6,41,995
60.2,45,995
60.9,49,994
60.7,52,994
61,56,994
59.6,59,993
59,63,993
59,73,993
56,88,993
54.8,91,993
54.7,93,994
55.3,93,993
56.7,90,993
57.6,91,992
59.2,90,992
60,90,991
60.6,87,990
60.4,90,990
60.4,92,989
60.2,92,988
60.1,93,987
59.9,94,987
60,94,986
59.7,94,985
59.9,94,986
60,94,986
59.8,95,984
59.6,95,984
59.8,95,984
59.6,95,984
59.5,95,984
59.4,95,984
58.9,95,984
58.9,95,985
59.4,95,985
60.1,95,986
60.9,95,986
61.6,95,986
63,95,985
64.3,89,985
63.6,92,985
67.1,79,985
70.4,69,984
70.3,72,984
70.5,71,984
68.3,82,985
60.5,90,986
57.7,92,987
56,94,988
56.3,93,989
57.6,92,989
57.2,93,990
56.2,94,990
56.2,94,991
56.3,94,991
55.3,94,992
54.7,94,993
54.7,94,994
56.3,92,995
59.3,84,996
61.3,76,996
63.5,68,996
65.7,65,996
68,60,996
69.9,56,996
71.3,47,996
71.6,53,996
73.2,43,996
73.9,43,996
73.9,37,996
70.6,55,997
63.3,75,997
59.8,78,998
59.7,72,998
60.2,77,998
58.4,85,998
55,90,998
52.8,92,997
52.9,93,998
52.4,94,998
52.3,94,999
52.4,94,999
54.4,90,1000
61.1,75,1001
65.3,67,1001
68.6,60,1001
71.3,56,1000
73.6,45,1000
74.9,46,999
76.3,40,998
77.7,37,997
78,34,997
78.2,33,996
77.5,36,996
74.9,46,996
70.1,55,996
67.7,60,997
66,59,997
65.4,58,997
64.3,63,997
63.8,67,996
62.2,74,996
61,79,995
60,82,995
59.4,84,996
59.5,86,996
60.6,82,996
64.1,72,996
67.3,67,997
70.7,58,997
74.6,55,996
77.9,51,996
80.4,43,994
81.5,42,994
82,41,993
82.5,48,993
81.5,39,993
80.9,45,993
77.7,52,994
74.2,61,994
71.5,60,996
70.3,75,996
65.5,83,996
64.9,85,996
63.9,87,995
62.8,88,995
61.7,91,996
60.2,93,996
59.6,93,996
59.6,94,997
62,91,997
68,74,998
72.9,61,999
76.7,54,999
78.9,52,999
80.5,50,999
82,51,998
81.4,50,998
82.4,51,997
82.6,47,996
80.9,51,996
79.3,57,997
76.6,68,997
72.1,75,998
70.9,69,999
71.1,70,1000
69.1,73,1000
67.7,81,999
65.8,85,999
64.8,88,999
63.1,91,999
63.1,92,999
63,93,999
63.1,94,999
64,94,999
66.4,84,1000
68.6,78,1000
71.4,68,1000
74.6,60,999
76.4,53,999
77.4,48,998
78.6,46,997
78.3,42,996
77.9,48,996
76.9,53,995
74.8,59,995
72.4,64,995
70,67,995
68.1,72,995
66.5,76,995
65.1,80,995
63.4,84,994
62,90,993
60.6,92,992
60.6,91,992
59.3,93,992
59.8,93,991
59.5,93,991
60.4,93,992
63.2,84,992
67.4,75,992
69.9,73,991
72.7,65,991
76.9,54,990
79.8,42,989
81.8,41,989
82.9,41,988
82.2,38,988
83.1,42,988
82.3,44,989
78.4,53,989
75.3,52,989
73.8,52,989
70.7,58,990
68.4,60,990
66.6,70,991
65.4,76,991
62.8,87,991
61.8,87,991
62.4,82,991
62.1,87,992
60.6,92,993
62,85,993
64.7,82,994
66.2,76,996
67,73,996
67.4,72,996
68.3,69,996
69,66,996
67.9,68,997
68.7,66,996
68.4,67,996
66.2,72,997
63.2,74,996
61.6,76,996
61.2,80,997
59.3,83,998
58.1,83,998
57.4,82,997
56.7,83,998
55.7,83,998
54.1,88,998
53.8,80,998
53.7,81,999
53.1,80,999
52.4,81,999
52.6,83,1000
52.7,83,1000
53.6,80,1000
56.6,72,1001
59.6,69,1001
60.8,69,1000
60.5,71,1000
60.6,66,1001
61.1,65,1000
62,64,1000
62.3,63,1000
62,66,1000
61.1,73,1000
56.8,80,1001
53.8,87,1001
53.7,83,1001
54.3,78,1001
53.5,81,1001
53,78,1002
51.9,78,1001
50.6,78,1001
49.4,84,1001
49.2,76,1000
49.3,78,1001
49.9,76,1002
51,72,1000
51.8,64,1002
52.7,60,1001
54,62,1001
53.2,78,1000
52.1,89,1001
52.6,85,999
54.2,86,997
55.2,85,997
56.7,85,997
58,87,997
57.7,90,997
57.1,91,997
56.7,92,997
56.3,92,997
56.2,93,996
56.8,93,996
57,93,995
58.5,94,995
59.1,94,995
62.8,94,995
64.5,92,994
63.7,92,993
63.9,92,995
64.4,91,996
66.8,87,996
69.5,79,997
72.3,72,996
74.7,65,996
75,70,996
75.4,70,996
74.2,72,996
72.9,75,994
71.1,78,994
70.3,81,994
70.2,82,995
67.4,90,996
65.6,92,996
64.9,93,995
66.5,83,996
66.7,86,996
66.5,85,996
66.6,87,997
66.4,89,995
65.8,89,995
65.6,89,996
65.7,88,997
66,88,997
66.5,86,997
68.1,83,997
68.6,82,998
72,73,997
75,64,996
77.3,59,995
78.9,60,995
80.7,57,994
81.2,56,994
80.2,61,994
78.9,62,994
77.2,65,994
75.7,70,994
75,73,995
74.2,75,995
73.4,78,995
72.4,81,994
72.1,82,994
72.5,82,994
71.6,85,994
70.4,88,994
69.3,90,995
68.7,91,995
69.5,85,995
72.5,77,996
74.9,71,995
77.3,63,995
79,61,995
80.7,58,995
82.4,55,995
84.1,49,995
85.8,50,994
86.5,41,994
86.9,38,994
86.6,43,995
83.4,54,995
79.1,64,996
75.8,69,996
72.9,77,996
73.9,76,997
72.6,74,996
74,71,996
73.9,77,996
72.8,83,996
71.1,88,996
70.4,87,996
70.9,88,996
72,87,995
74.8,81,996
75.9,82,996
77.8,73,995
80.3,73,995
82.2,64,995
84.5,60,994
85.6,59,994
86.6,52,993
87.6,48,993
86.9,50,993
86.2,56,993
84.4,58,994
82.7,60,994
81.8,65,995
80.3,64,995
79.4,68,995
77.4,73,994
76.2,75,995
73.7,83,994
71.5,88,994
71.1,87,994
70.5,88,994
70.9,87,994
71.7,84,995
74.8,82,995
76.2,75,995
79,70,995
82,63,995
84.2,64,995
86,61,994
87,55,993
86.8,56,992
87.7,53,991
87.2,52,992
86.8,48,991
84.2,59,992
79.7,72,993
77.7,74,993
74.7,79,993
73.7,80,992
73.8,69,992
76.5,67,991
76.4,68,991
75.9,70,990
74.9,73,991
73.9,77,991
73,80,991
73.2,79,991
74.5,78,992
76.7,75,991
78.6,71,991
80.3,65,991
81.1,64,990
82.1,67,990
81.9,66,990
81.2,67,990
79.8,68,988
79.2,67,988
79.3,59,988
78.4,61,988
76.9,56,988
74.9,60,988
72.9,63,988
71.2,65,989
69.6,66,989
67.9,68,989
65.8,71,989
64.3,73,988
62.9,76,989
61.3,77,989
60.6,73,990
61.7,52,991
65.9,42,991
68.1,37,991
69.9,34,991
71.3,32,991
72.8,30,991
74.1,28,990
75.6,26,989
76.6,26,989
77.3,26,989
76.8,25,989
75.8,27,990
73.5,31,991
70.3,34,992
68.6,36,992
66.7,44,993
64.8,40,993
63.3,41,993
62.3,42,993
61.5,43,993
60.9,46,993
59.7,47,993
58.6,52,994
56.3,59,994
57.2,57,995
60.7,49,995
64.7,38,995
67.2,37,995
69.3,29,995
71.3,30,994
73,27,993
73.8,27,993
74.4,26,993
75.2,25,992
75.6,23,992
74.2,23,993
71.4,31,994
67.1,38,994
62.7,50,995
59.7,55,995
56.3,64,996
56.3,50,996
56.2,56,996
55.3,53,995
54.7,61,996
53.3,63,996
52.7,72,997
50.8,76,997
55.1,62,997
62.9,45,998
67.6,37,998
69.9,30,997
71.8,35,997
73.1,29,997
74.4,25,996
75.8,24,995
76.6,28,995
77.1,30,995
76.6,33,995
75.5,38,995
73,43,995
69.8,54,995
67,59,996
66.5,57,996
65.7,58,996
65.3,57,996
65.5,57,996
64.3,60,996
63.6,63,996
61.8,72,996
60.2,72,996
61.1,71,997
63.8,71,997
65.2,64,998
67.1,55,998
69.2,54,997
70.5,52,998
70.1,61,997
71.8,60,996
70.8,60,996
69.2,71,996
67,73,995
66.8,78,995
66.3,78,996
64.6,89,997
59.4,92,996
59,93,996
58.8,92,996
58.6,93,996
57.7,94,996
57.9,94,996
58.5,94,996
58.4,94,996
58.2,95,996
59.1,95,996
59.7,95,997
60.9,95,998
63.2,94,998
65.9,81,998
67.9,82,999
69.8,69,998
72.1,63,998
73.5,60,998
75.5,57,998
77.2,52,998
78,54,998
77.8,52,997
76.8,60,998
73.9,68,999
70.5,76,999
68.7,76,1000
67.6,78,1000
66.4,79,1001
65.2,85,1001
64.7,85,1001
64.5,85,1000
63.8,84,1000
62.7,84,1001
61.7,85,1002
60.7,85,1002
59.8,87,1003
59,87,1004
58.6,87,1004
59.4,84,1004
60.2,78,1004
61.8,78,1004
61.9,79,1004
61.5,79,1004
61,81,1004
60.3,84,1004
59.3,83,1004
58.7,87,1004
57.8,87,1004
57.4,87,1004
56.9,89,1004
56.4,90,1005
56.1,90,1004
55.5,92,1004
54.9,93,1003
54.4,93,1003
54.2,93,1004
54,93,1003
53.7,94,1003
53.8,94,1003
54,94,1004
54.3,94,1004
55.1,91,1005
55.8,90,1004
56.6,86,1004
56.9,84,1004
58.7,82,1003
57.2,89,1003
55.5,92,1003
54.9,92,1003
54.4,92,1004
54,93,1003
54,93,1004
53.8,94,1003
53.3,94,1004
53.2,94,1005
53.2,94,1005
52.8,94,1004
52.4,94,1004
52.1,94,1004
52.1,94,1004
52.1,94,1004
52,93,1004
52,93,1004
52.2,93,1005
52.5,92,1005
53.2,90,1005
53.7,91,1006
53.8,91,1006
55.5,86,1006
58.5,79,1006
60.9,76,1005
63.1,67,1005
64,69,1005
65.2,66,1005
64.8,67,1005
62.7,75,1005
60.8,76,1005
59,82,1006
56.8,89,1006
54.6,86,1006
54.1,91,1006
52.8,93,1006
53.4,90,1005
52.1,89,1005
51.2,89,1005
51,87,1005
50.8,87,1005
53.8,77,1006
57.8,76,1006
61.1,67,1006
67.8,62,1006
70.8,57,1006
73.1,52,1006
74.8,50,1005
74.7,57,1004
76,48,1004
77.2,47,1003
77.2,48,1003
75.7,54,1002
73,60,1003
68.8,74,1003
65.5,79,1003
64.9,82,1003
63.8,80,1003
63.7,82,1002
63.9,80,1002
63.3,83,1002
62.3,85,1001
61.9,86,1001
62,86,1001
61.3,88,1002
63.2,82,1002
67,76,1002
69.8,69,1002
72.9,63,1002
74.2,65,1001
74.1,64,1001
72.5,70,1001
72.8,72,1000
71.6,77,1000
71.7,75,1000
70.1,85,999
68.2,82,999
66.6,85,1000
65.2,88,1000
64.2,91,1000
63.7,91,1001
63.6,92,1001
63.4,93,1000
63.2,94,1000
61.4,94,1000
59.6,94,1000
58.8,94,1000
58.4,94,1000
58.1,94,1001
57.8,94,1002
57.6,94,1002
57.6,94,1002
58.5,94,1002
59.6,93,1002
59.9,93,1001
60.2,93,1001
60.7,92,1000
61,92,1000
61.3,92,1000
61.4,93,1000
61.1,93,1000
61.2,94,1000
61.1,93,1001
60.7,93,1001
60.6,94,1001
60.5,94,1000
60.5,94,1000
60.6,94,999
60.8,94,999
61,95,998
60.9,95,998
60.8,95,998
60.7,95,998
60.5,94,998
60.4,94,998
60.7,94,998
61,94,997
61.8,94,997
62.3,93,997
63.5,90,996
63.1,92,996
63.5,92,996
65.3,84,995
67.1,84,995
66.3,82,995
64.5,88,995
62.9,91,996
62.1,92,995
61.3,92,996
61.2,88,996
61.1,88,996
60.7,92,995
60.5,92,995
60.1,93,995
59.7,93,995
59.1,93,995
59.1,93,996
58.7,93,996
59.1,91,996
61.7,80,996
66.7,71,996
68.5,70,996
70.1,67,996
72,63,996
71.4,68,995
72.2,63,995
71.3,72,995
72,64,994
72.6,70,995
70,79,994
66.7,88,995
64,92,995
62.7,93,996
61.8,93,995
62,93,995
62.5,92,995
62.8,92,995
63.1,93,995
63.5,93,995
64,93,995
64,93,995
64.6,92,996
65.7,87,996
67.8,85,996
66.8,91,996
66.3,93,996
66.9,91,996
67.8,89,995
71.7,77,994
74.7,79,994
73,85,994
73.9,74,994
73.6,81,993
69.9,84,993
67.7,86,993
66.1,89,993
66.1,91,993
66.5,92,992
68.3,90,992
68.9,87,992
68.5,91,991
67.9,92,991
67.3,91,991
66.2,93,992
65.9,93,992
66.6,91,993
68.2,83,994
69.6,80,994
70.5,73,994
71.8,72,994
73.3,66,994
74,64,994
75.1,64,994
76.1,60,994
76.5,57,993
76.4,62,994
76.3,57,994
75.1,69,994
68.7,85,994
65.8,87,995
64.2,92,996
63.6,91,996
63.2,91,995
63,89,995
62,90,994
61.9,92,994
62.7,92,994
63,94,995
63.6,94,995
63,89,996
62.7,85,996
63.4,85,996
64.2,84,996
65.3,82,996
65.5,82,995
67.1,80,995
66.9,82,994
67.8,79,994
65.9,85,995
64.2,83,995
64.2,79,995
62.6,82,996
60.5,87,996
58.3,91,997
57,92,997
55.7,94,997
55.6,94,997
55.6,94,996
53.9,94,996
52.3,94,995
53.6,95,995
52.9,95,995
53.8,95,995
55.7,95,995
59.7,80,995
64.3,72,995
68.1,56,995
71.1,50,994
72.4,49,994
73.7,46,993
74.6,44,993
73.6,45,992
74,47,992
74.7,45,992
74.9,39,992
73.2,48,992
68.1,58,991
65.8,59,992
66.3,62,992
65.1,62,992
65.1,61,991
64,62,991
63.4,65,990
63.1,64,989
63.2,65,988
62.5,71,988
61.5,71,987
63,75,987
64.1,66,987
67.2,66,987
66.5,65,987
67.6,65,987
69.8,57,986
71.9,58,986
72.8,53,985
69.7,86,985
60.5,90,986
61.9,80,985
63.9,82,985
63.9,83,986
61,90,986
59.7,87,986
59.1,90,987
57.1,93,986
56.8,93,986
57.1,93,986
56.9,93,986
56,93,986
55.7,92,986
55.1,92,986
55,90,987
57.5,84,987
60.7,75,988
65.4,67,988
69.2,58,989
72.2,49,989
74.1,46,988
75.9,43,988
76.8,38,987
76.9,43,987
77.3,38,988
78.2,43,987
77.4,44,987
75.2,53,988
70.9,63,988
68.9,63,988
68.5,64,989
68,65,988
67,66,988
66.7,67,988
65.7,69,987
64.6,72,987
63.6,74,987
63.1,74,986
62.2,75,986
63.7,72,985
64.7,75,987
62.2,88,986
61.2,88,985
61.6,89,985
64.1,82,983
67.7,72,982
69.3,73,981
70.1,75,979
71.5,72,978
72.2,77,978
70.2,85,978
67,90,979
66.8,91,979
66.3,79,980
64.4,73,981
63.9,69,982
63.5,63,982
63,59,983
62.5,56,983
62.2,57,983
61.4,56,984
60.7,56,985
60.1,59,986
60.7,58,987
62.8,56,988
64.8,51,988
66.8,49,988
68.7,50,989
70.2,44,989
71.3,46,989
71.9,41,989
72.4,40,990
72.6,34,990
72.4,33,990
71.6,34,991
69.8,45,992
64.6,54,992
60,68,993
57.8,70,994
54.6,74,994
55.4,66,994
56.9,66,994
54.9,66,994
54.1,72,995
51.7,76,995
50.1,83,996
49.8,82,997
53.6,67,998
58.8,58,998
61.9,51,998
65.2,46,999
67.7,43,999
69.2,47,998
70.8,42,998
72.4,43,997
73.5,39,997
74.2,41,996
75.1,39,996
74.2,44,996
71.3,48,997
67.6,67,997
63,73,998
60.8,74,998
60,78,998
61.3,70,998
61.3,79,997
60.8,83,997
60.1,85,997
60.7,84,997
60.3,87,997
59.6,87,997
61.8,77,998
66,65,998
69.9,58,997
72.2,54,996
74.1,52,996
75.3,53,996
76.7,50,994
77.5,51,993
77.2,50,993
78.4,54,993
76.8,55,993
75.2,66,993
71.1,85,993
69.4,87,993
67.9,90,993
66.9,91,993
66.9,91,992
67.2,91,991
67.1,92,991
67.3,92,991
67.6,92,991
67.7,91,991
68,91,991
68.5,89,991
68.7,90,991
68.5,92,992
68.8,93,991
69.6,92,992
71.5,87,991
72.8,86,991
73.9,80,991
76.9,73,990
78.7,71,990
78.9,71,989
79.2,67,989
79.1,67,989
79.1,69,989
77.1,75,989
75.4,81,990
73.9,85,991
72.7,85,991
72.5,85,991
71.8,87,991
71.7,88,991
70.8,77,992
67.7,83,992
65.8,82,993
65.1,76,994
65.4,72,994
66.5,66,994
68.2,50,995
69.9,51,995
71.5,49,995
73.3,50,995
74.4,47,995
75.2,51,994
75.9,44,994
76.5,47,994
76.6,47,994
76.1,45,994
74.2,56,995
69.7,66,996
66.2,75,996
63.6,81,997
62.7,74,996
61.5,89,996
59.3,88,997
58.2,85,997
59.1,82,996
58.6,90,997
57.2,91,998
56.3,91,998
61.5,77,999
67.1,61,1000
69.7,53,1000
72.6,51,1000
75.1,41,999
76.6,44,999
78.4,38,998
78.7,38,998
80,41,997
80.7,44,997
80.3,43,996
79.2,48,997
76.8,56,997
74.4,58,997
74.5,60,997
74.4,64,997
73.4,69,997
72.4,72,996
71.7,76,996
69.9,86,995
68.3,90,994
68,92,994
68.8,93,994
70,94,994
71.5,93,994
72,92,994
72.8,92,994
74,90,993
75.4,89,993
75.8,89,992
74.5,89,991
75,90,990
73.7,91,990
73.6,90,990
72.4,92,990
72.9,92,990
73.1,93,991
73.1,94,991
70.8,91,992
72.2,92,992
72.7,92,992
72.4,92,992
72.4,92,992
72.1,92,991
71.7,92,991
71.3,93,991
71.3,93,991
71.3,93,992
71.9,93,992
73,91,992
74.2,89,992
74.8,85,992
76.1,81,992
77.5,78,992
79.3,77,991
78.8,76,991
81.5,67,990
81.8,69,990
81.9,70,990
82.3,68,991
80.8,74,991
78.8,80,991
76.7,85,991
75.6,84,992
75.4,85,992
73.6,85,992
69.5,92,991
68.3,93,991
66.9,94,991
66.5,94,991
66.4,94,992
67,95,993
67.6,94,993
70.6,73,994
73.1,66,994
75.8,60,995
77.8,47,995
79.6,39,995
80.9,43,994
82.2,48,994
83.1,42,994
82.8,47,994
82.9,46,994
82.5,49,995
80.9,59,995
74.7,71,996
70.6,76,996
69.3,79,997
68.1,82,997
68.6,78,997
67.5,82,997
65.9,84,997
65.2,85,997
63.6,90,997
61.6,93,998
63.2,88,998
68.4,70,999
74.9,56,1000
77.7,56,999
80.5,49,999
82.8,43,999
84,48,999
84.6,45,997
85.6,41,997
86.4,46,996
87,40,996
87.3,39,996
85,63,997
81.4,55,997
78.4,72,997
74.9,67,997
73.6,65,997
73.5,67,997
72.2,70,997
70.9,72,997
70.3,80,997
69.4,85,997
69.2,87,997
69.4,88,997
69.1,87,998
71.3,83,998
74.4,76,998
78.2,67,998
81.4,61,998
83.9,57,997
85.4,58,997
86.2,57,997
86.2,55,996
87.6,51,995
87.9,50,995
88,50,995
85.2,58,995
84.2,61,996
81.4,67,996
80.5,67,997
79.1,72,997
77.4,76,997
76.3,78,997
75.4,82,997
73.4,87,997
72.5,89,996
71.4,92,996
71.6,92,996
72.4,91,996
73.6,88,997
74.8,84,998
76.8,74,997
80.3,69,997
82.3,69,997
83.8,65,996
84.7,65,995
76.7,85,995
71.2,85,995
76.5,76,995
77.6,80,995
75.9,80,995
74.3,81,995
73.5,84,995
72.9,82,996
72.4,86,996
72.3,89,996
73.7,87,996
74.5,87,995
74.7,88,995
74.4,89,995
73.9,90,995
73,91,995
72.8,91,996
73.9,82,996
76.2,76,997
75.7,78,996
75.4,77,997
77.4,73,997
79.4,68,996
81.8,59,995
82.9,60,995
84.3,56,994
85.1,56,994
85.6,55,994
83.7,57,994
83,63,995
80.7,71,995
78.1,73,995
77.8,74,996
77.1,78,996
75.3,79,996
74.1,80,996
72.8,83,996
71.7,84,996
71.4,85,996
70.9,86,996
70.8,87,997
71.2,86,997
73.2,78,998
75.4,70,998
78.4,67,998
80.7,66,998
81.4,60,997
82.9,61,997
84,57,996
84.9,59,995
85.6,56,995
85.7,57,995
84.4,59,995
83.8,65,995
80.5,72,995
78.8,72,996
78.7,74,996
77.5,77,996
76.4,89,997
69.1,93,996
69.3,92,996
69.7,93,996
70,93,996
70.3,93,996
70.3,93,996
70.7,91,997
71.3,90,997
72.2,87,997
73.7,84,997
75.6,80,997
77.8,76,997
79.4,72,996
81.2,71,996
82.6,66,995
83.8,64,995
84.1,68,995
80.1,82,996
71,93,996
71,94,996
70.8,94,997
71.1,94,997
71,94,997
70.9,94,998
70.9,94,998
70.8,95,997
70.5,95,997
70.8,95,997
70.7,95,998
70.5,95,998
70.5,95,999
71.1,94,999
71.9,90,1000
73.4,86,1000
74.7,82,1000
75.7,83,1000
75.9,82,1000
76.1,81,999
76.5,83,999
73.6,82,999
74.5,73,999
73.7,75,1000
72.6,79,1000
71.7,82,1000
71.3,83,1001
68.6,89,1002
66.5,93,1001
66.5,93,1001
66.8,93,1001
66.7,93,1001
66.5,93,1001
66.3,94,1000
66.2,94,1001
66.2,94,1001
66.4,94,1001
66.7,94,1001
66.7,94,1001
66.1,94,1001
65.7,94,1001
66.3,93,1001
68.4,87,1000
70,85,1000
71.4,84,999
71.2,84,999
71.3,86,999
70.7,87,998
69.5,91,999
68.6,92,999
68.3,92,999
68.1,92,999
67.8,93,999
67.6,93,998
67.4,94,998
67.2,94,997
67.1,95,997
67.2,95,997
67.2,95,997
67.1,95,997
67.9,95,997
69.5,95,997
72.3,85,997
75.3,80,997
76.4,78,996
77.3,74,996
78.8,73,995
79.7,71,994
80.9,66,994
80.1,70,993
80.5,72,993
79.1,76,993
77.1,83,993
73.7,91,994
71.3,93,994
71,94,994
70.6,94,993
70.3,94,993
70.6,94,992
70.5,94,992
70.4,94,991
70.3,95,991
70.5,95,991
70.7,95,991
71.3,94,991
72.2,90,991
73.5,85,991
75.5,79,991
76.8,80,991
78.5,73,991
81,66,990
78.4,90,990
73.3,90,990
73.6,91,990
72.4,93,989
74.7,88,990
74.6,90,989
72.4,92,990
70.8,94,991
70.2,94,991
70,95,991
69.5,95,991
69.5,95,991
68.6,95,991
68.3,95,991
68.6,95,991
68.5,95,991
68.3,95,992
67.6,95,992
66.4,94,992
67.4,94,993
66.7,94,993
67,93,993
69.4,91,993
72.8,78,992
77.8,67,992
78.2,69,992
76.6,62,992
77.4,59,991
77.9,59,992
76.3,72,992
70.2,85,992
66.8,91,993
65.6,91,994
67.7,61,994
65.4,60,994
63.8,71,993
62.1,70,993
61.6,71,993
61.2,78,994
59.1,83,994
57.5,81,995
60,72,995
63.1,62,995
65.6,59,995
67.7,60,994
69.3,53,994
70.1,52,994
71.4,51,994
72.3,51,993
72.7,50,993
72.7,46,993
72.6,51,993
71,56,993
69.9,67,993
66.6,64,994
65.3,66,995
61.6,80,995
60.2,79,995
60.2,78,994
59.6,79,994
58,84,993
58.2,78,993
57.8,81,993
57.4,82,994
58.4,77,994
61.1,74,995
64.7,67,995
68.1,61,995
70.5,62,995
72.9,54,995
74.6,53,995
75.1,52,994
76.7,48,994
77.5,51,994
78.6,44,994
79.1,49,994
78.5,51,994
76.4,64,994
73.3,67,994
70.3,72,995
69.2,74,995
68.8,69,995
68.4,69,995
68.2,73,995
66.3,78,995
65.3,78,995
64.1,81,995
62.7,83,995
63.4,78,995
66.7,69,996
70.6,61,996
74.8,50,996
78,43,996
80.6,40,996
82.3,32,995
83.9,31,995
85.4,29,995
86,32,995
85.7,30,995
85.1,32,995
83.8,43,996
79.8,54,996
74.9,73,996
70.8,70,997
67.5,82,997
65.8,80,997
64.3,85,997
62.3,90,997
62.4,86,997
62.8,91,997
64.1,89,997
62.4,92,998
62,89,998
66.3,74,999
72.4,60,1000
77.2,49,1000
82.5,41,1000
85.6,37,1000
87.4,32,1000
88.5,39,1000
89.2,34,1000
90,37,999
90,33,999
89.9,31,999
88.6,41,1000
85.8,53,1000
79.3,62,1000
74.6,76,1001
70.9,82,1001
70.6,79,1001
68.8,86,1000
66.8,89,1000
67,87,1000
68.3,87,1000
67.4,88,1000
64.7,92,1001
64.9,86,1001
69.4,76,1002
76.7,58,1002
81.3,54,1002
84.9,43,1002
87.1,39,1001
88.3,35,1001
89,32,1001
89.6,33,1000
90.1,33,1000
90.2,37,999
89.9,37,999
88.7,43,999
86.1,51,999
80.1,59,998
77.3,65,999
74.7,68,999
74.7,74,999
74.6,64,999
75.3,66,999
74.9,69,999
73.7,71,998
70.9,84,998
69.8,77,998
70.6,79,998
73.3,70,999
76.7,65,998
80.1,61,998
83.3,56,998
86.5,46,997
88.8,44,997
89.3,45,996
90,45,996
90.1,46,995
90.3,47,995
89.6,48,995
88.6,50,995
86.7,54,995
83.5,60,995
80.6,64,995
80,62,995
80.5,59,996
80,64,996
78.4,68,995
77.1,68,995
76.2,72,995
74.9,75,994
73.8,76,995
73.1,78,995
74.4,73,995
77.1,72,996
80,68,996
82.5,60,996
84.9,55,995
87,49,995
88.2,50,995
89.6,41,994
89.1,48,994
89.8,51,994
88.5,53,994
87.9,56,994
83.6,62,994
81.3,78,995
77.7,69,996
77.5,75,996
74.5,79,997
72.6,82,997
70.9,84,997
70.9,84,997
69.7,87,997
69.4,87,997
70,86,997
70.1,83,998
70.2,79,999
70.4,76,999
71.7,72,1000
73.2,73,1000
75.8,70,1000
76.8,65,1000
78.9,63,1000
79.8,65,1000
79.6,69,1000
78.2,74,1000
76,85,1000
74.9,90,1001
70.7,92,1001
68.5,93,1001
68.3,93,1001
67.9,94,1002
67.6,94,1002
66.7,94,1002
66.5,94,1001
66.9,94,1001
66.3,94,1001
65.5,94,1002
65.5,95,1002
65.6,95,1002
68.1,95,1003
70.2,89,1003
72.6,79,1004
77.8,71,1004
80,67,1004
82,64,1003
83.4,61,1003
85.2,52,1003
86.2,52,1002
86.6,55,1002
85.3,59,1002
85.5,56,1003
84.3,65,1003
80.5,75,1003
77.4,80,1003
76.6,80,1003
75.4,80,1003
75.9,83,1003
74.7,84,1003
73.2,89,1003
72.5,89,1003
71.5,92,1003
71.3,91,1003
72,90,1003
75.4,83,1003
78.1,75,1004
82.1,63,1004
84.6,58,1004
86.1,62,1004
87,52,1003
87.8,48,1002
89.1,50,1002
88.4,52,1001
84,59,1001
73.3,86,1001
70.1,88,1001
70.6,90,1003
69.9,93,1002
70,94,1002
70.3,94,1003
69.8,94,1003
69.5,93,1002
69.2,94,1002
69.5,94,1001
69.7,94,1001
69.7,94,1001
69.7,94,1001
69.5,94,1002
70.2,93,1002
71.9,87,1002
73.6,83,1002
74.9,79,1002
76.4,75,1002
77.9,74,1002
77.3,76,1002
77.1,77,1001
77.5,79,1001
77.4,80,1001
76.4,77,1000
75.9,78,999
75.1,82,1000
73.9,84,1000
72.8,86,1000
71.5,89,1000
70.6,89,1000
70.1,91,999
69.3,92,999
68.5,93,998
67.7,94,998
67.2,94,997
66.4,94,996
65.8,94,995
65.6,94,995
66.3,94,995
66.5,93,995
67,91,994
67.5,92,994
68.5,90,993
73.6,82,992
75.2,85,991
74.3,89,991
75.8,87,990
75.5,91,990
74.1,87,990
74.2,90,990
72.2,93,990
71.2,93,991
71.3,94,991
71.7,94,990
71.6,89,990
71.1,90,990
70.6,90,990
70.1,90,990
69.8,90,990
69.4,90,991
68.5,90,992
69.1,85,992
71.5,78,992
73.5,73,992
73.7,81,993
71.6,86,993
74.4,78,993
74.1,76,994
74.9,72,994
73.8,73,994
75.7,73,994
75,71,994
76.3,69,994
74.7,76,994
72.5,85,994
69.8,91,995
68.1,93,996
67.4,94,996
67,93,996
67.6,93,996
68.3,92,996
70.6,87,996
70.2,87,996
69.5,90,997
69.3,88,997
71.5,80,998
75.5,76,999
78.3,70,998
82,60,999
84.7,54,999
86.5,44,999
88.2,45,998
88.9,45,998
89.5,49,998
89.8,44,997
89.1,43,997
88.5,50,997
86.3,58,998
82,65,998
81.8,65,998
80.6,67,999
79.3,77,1000
78.1,81,999
77.2,84,999
76.5,85,998
75.7,84,998
74.8,86,999
73.7,88,999
73.2,86,999
74.5,82,1000
76.8,77,1000
79.2,72,999
82.1,65,999
84.2,65,1000
85.7,63,999
86.8,56,999
87.4,55,999
87.9,54,998
88.3,54,998
88.1,53,998
87.5,54,998
86.1,60,998
83.5,65,998
81.7,67,998
80.5,68,999
80.1,68,999
78.6,72,999
77.2,74,999
75.9,76,999
75.1,77,998
74.3,80,999
73.6,82,999
73.7,81,999
75.4,79,1000
77.5,74,999
80,68,1000
82.4,64,999
84.1,64,999
85.7,57,999
86.3,54,998
87.9,55,998
88,54,998
87.3,57,998
86.4,59,998
84.2,65,998
83,61,998
81.9,66,999
81.2,69,999
80.3,76,999
78.5,80,999
77.1,79,999
77.6,81,999
77.1,78,999
76.5,79,999
75.9,83,999
75.5,84,999
75.7,82,1000
76.2,80,1000
76.8,78,1000
78,77,1000
80.5,67,1000
82.4,68,1000
84.7,63,1000
85.1,66,1000
85.9,60,999
86.6,57,999
87.3,59,998
87,59,998
85.8,61,998
85.4,64,999
83.2,69,999
81.4,72,999
80.8,76,1000
79.8,79,1000
78.6,80,1001
77.6,84,1000
76.8,84,1000
75.8,87,999
74.4,89,999
73.4,91,1000
72.9,91,1001
74.5,85,1001
77.4,78,1001
80.9,71,1001
84.4,64,1002
86.9,60,1002
88.8,57,1001
90.8,49,1000
91.2,51,999
90.6,55,999
91.5,52,998
91.1,50,998
90.1,54,998
88.3,60,998
85.1,66,998
83.6,69,998
83.1,72,999
81.8,74,998
81.1,76,998
80.1,77,998
79.9,77,997
79,80,997
77.9,83,997
77.2,85,998
76.3,86,998
78.2,79,998
81.4,73,998
84.4,66,998
87.4,58,998
89.1,57,998
90.2,55,998
91.2,45,997
91.7,46,996
92.3,47,996
92.2,51,995
91.6,50,995
83.6,75,996
76.4,74,997
76.5,80,997
75.8,81,998
74.4,89,997
73.3,91,997
72.9,91,996
72.6,91,996
71.9,92,996
71.1,92,995
71.3,90,995
71.2,91,996
71,91,997
72.6,84,997
75.5,75,997
78.9,67,997
81.9,62,997
85,62,996
86.6,61,996
87.5,58,995
89,56,994
89.9,49,993
90.6,49,993
87.5,60,992
80.6,72,992
78.4,70,994
78.5,66,994
77.6,70,994
76.6,74,994
76.5,75,994
76.2,77,994
75.5,78,994
76,71,992
74.9,75,993
73.8,78,993
73.2,81,993
72.7,82,994
73.1,82,994
74.5,77,995
76.7,72,995
79.6,64,995
82.5,61,995
84.4,56,995
86.2,49,994
87.5,49,994
88.1,45,994
88.5,49,993
88.8,47,993
80.5,81,994
73,78,995
73,90,995
72.2,89,996
72,90,997
71.8,89,997
71.4,90,997
71.1,91,997
70.3,92,997
69.9,93,997
70.5,93,997
70.1,93,997
69.7,94,998
70.7,92,998
74.4,74,999
77.7,63,999
80.3,60,999
82.7,45,999
83.4,45,999
84.4,38,999
84.6,43,998
85.4,39,998
86.2,39,998
85.9,41,997
85.3,45,997
83.9,56,997
79.9,63,998
77.1,74,999
75,84,1000
74.3,75,1001
69.8,89,1000
68.8,91,999
68.6,90,999
69,91,1000
68.6,92,1000
68.2,93,999
68.2,92,999
68.6,93,999
69.6,89,1001
72.3,75,1001
74,75,1002
75.3,71,1002
78.1,65,1001
79.3,69,1001
80.7,66,1000
79.6,75,1000
77,72,1000
75.9,75,1000
72.5,82,1000
71.3,87,1001
69.8,91,1001
69,92,1002
68.5,93,1002
68.2,94,1002
68.1,94,1002
68.1,94,1001
68.2,94,1001
68.4,94,1001
68.5,94,1000
68.6,94,1001
68.7,95,1001
69,95,1001
69.7,95,1002
70.6,94,1002
72.3,89,1003
73,85,1003
77.1,74,1003
78.5,72,1002
80.2,68,1001
81.2,69,1001
81.2,67,1001
81,66,1000
80.2,73,1000
78.6,76,1001
75.5,83,1001
73.6,89,1002
72.2,91,1002
71.3,92,1002
70.5,93,1002
69.3,94,1002
68.8,94,1001
68.5,94,1001
68.2,95,1001
67.6,95,1001
67.5,95,1002
69.3,95,1002
71.5,92,1002
74.5,79,1002
77.9,75,1002
80.5,67,1002
83.4,65,1001
82.7,65,1001
83.2,60,1000
83.6,65,1000
82.6,65,999
84,59,998
84.8,59,998
82.2,65,998
79.8,74,998
77.5,79,999
76.6,80,999
75.8,80,1000
74.9,79,1000
74.8,84,999
73.3,86,999
73.3,86,999
73.4,87,999
72.9,89,998
73.2,88,998
74.6,83,999
77.5,75,999
79.8,72,999
82.4,67,999
85.3,64,999
86.7,62,999
87.8,58,998
88.6,58,998
88.7,49,997
89.6,55,997
87.8,58,997
87.1,63,997
82.4,84,998
73.6,90,999
73,92,999
72.8,91,1000
72.2,89,1000
71.4,86,1000
71.4,84,999
72,86,999
72.2,88,1000
72.2,92,1000
71.6,91,1000
71.2,92,999
72.8,89,1000
75.1,83,1001
77.1,79,1001
78.5,78,1001
78.8,76,1001
80.8,69,1001
82.1,66,1001
84.1,60,1000
85.3,58,1000
86.6,53,999
85.9,64,999
84.1,69,1000
83.1,64,999
80.8,76,1000
77.2,85,1001
76.2,83,1001
74.8,82,1001
72.6,86,1000
70.9,89,1000
69.8,90,1000
70,91,999
69,93,999
68.4,93,1000
69.2,94,1000
72.4,90,1000
74.5,85,1000
77.6,80,1000
80.2,71,1000
82.3,69,999
83.4,62,999
85.2,65,998
85.9,62,998
86.8,56,997
87,56,997
86.7,60,996
85,65,996
83.3,70,997
81.3,77,997
80.8,76,998
74.3,89,998
71,89,997
69.9,91,997
69,92,996
68.7,92,996
68.1,93,997
68.4,93,997
68.7,93,997
69.7,92,997
70.6,91,998
72.2,87,998
73.7,85,998
74,85,997
74.4,84,998
75.2,82,998
76.3,79,998
78.7,74,997
81.1,67,997
79.6,59,996
81.1,66,996
80.1,71,997
77.8,76,997
76.1,80,998
73.9,80,997
72.3,87,998
70.6,92,998
68.9,93,998
69.8,89,998
69.4,91,997
68.2,93,997
67.5,94,997
67.2,94,997
67,94,998
68.5,93,998
73.4,81,998
77.3,73,999
81.6,66,999
83.1,64,999
83.9,61,998
83.6,62,997
84.9,58,997
86.4,52,997
86.1,58,997
86.5,56,997
85.7,58,997
83.4,66,997
79.7,77,997
77.2,79,997
77.2,79,997
76.2,84,997
74.4,89,998
73.4,87,997
73.6,88,996
73,91,996
72,92,996
72.3,93,995
72.4,94,996
73.6,92,997
74.8,89,997
76.5,83,996
79,72,996
82.2,68,995
84,64,995
86.1,60,995
86.3,61,994
87.3,56,993
86.9,61,993
86.3,60,993
86.1,64,993
83.3,68,993
81.7,71,993
80.6,72,993
80.4,74,992
79.8,76,993
79.1,78,993
77.7,84,993
76.5,86,993
76.7,82,992
76.2,84,992
75.1,88,993
75.1,89,993
76.1,84,993
77.9,80,993
79.6,77,993
82,73,993
83.6,68,993
84.8,65,993
86.1,62,993
86.8,61,992
86.8,58,991
86.8,54,991
86.7,59,991
84,66,991
80.9,67,991
76.8,82,993
71.5,91,992
72,91,992
72.7,91,992
72.2,88,992
71.4,87,993
70.7,88,993
70.6,88,993
70.8,87,994
70.6,88,994
70.5,88,994
71.1,87,995
71,91,995
71.2,91,995
71.2,90,995
71.7,91,996
72.4,89,996
73.1,86,995
74,82,994
77.2,68,994
78.9,71,994
77.1,75,993
76.5,78,994
75.6,79,995
74.7,80,995
73.4,84,995
72.2,86,996
71.3,89,996
70.7,90,996
71.3,90,996
71.7,89,996
71.7,89,996
71.6,89,996
71.5,89,997
71.3,90,998
71.8,88,998
72.7,81,999
74.8,77,999
74.9,72,999
76.5,67,1000
78.2,58,1000
79.9,59,1000
81.6,55,999
81.7,56,999
81.8,56,999
82.5,51,1000
82.7,53,1000
81.9,65,1001
77.6,75,1001
74.6,81,1002
72.7,86,1002
71.4,90,1002
69.9,92,1002
68.6,94,1002
67.5,94,1002
67.4,94,1002
66.8,95,1003
66.1,95,1003
65.3,95,1004
66.2,95,1005
71,82,1005
74.9,71,1006
79.8,61,1006
82,55,1006
82.3,52,1006
83.9,54,1006
85.3,49,1005
85.2,50,1005
85.7,50,1005
84.6,49,1005
84.2,56,1005
80.9,63,1005
79.2,68,1006
77.4,74,1006
75.1,81,1006
73.9,88,1006
72.1,90,1006
71.5,92,1006
72.2,92,1006
71,93,1006
70.1,94,1007
69.5,94,1007
70.3,95,1007
72.2,95,1007
74.7,86,1008
78.5,77,1008
82,69,1008
83.6,65,1008
84.4,59,1007
85.7,56,1006
86.1,59,1006
87,56,1005
86.7,55,1005
87.2,62,1005
80,78,1005
78.7,85,1004
77.8,88,1004
76.9,85,1005
76.6,86,1005
75.3,89,1005
74.4,85,1005
74,89,1004
74,90,1004
73.7,91,1004
73.4,92,1003
72.9,92,1004
71.8,93,1004
73.3,87,1004
76.5,80,1004
78.7,76,1004
81.4,68,1004
82.9,64,1003
84.4,59,1002
85.6,57,1001
86.4,56,1001
87.4,55,1000
87.2,53,999
87.5,56,998
87.2,55,998
85.4,64,998
82.4,70,998
80.2,75,999
78.9,78,999
78.4,79,999
77.6,80,998
76.6,83,998
75.5,86,997
74.8,87,996
74.3,89,996
73.6,91,996
73.3,91,996
73.8,90,996
75,84,997
77.8,75,996
81,67,996
84.5,59,996
86.6,52,996
87.7,54,995
88.7,51,994
89.2,50,994
89.8,45,993
89.3,52,993
88.6,49,993
86.3,55,993
83.2,63,993
82.2,63,993
80.9,69,993
79.9,75,994
79.4,75,993
78.9,77,993
78.3,72,992
77.4,77,992
75.8,81,992
75.1,84,993
74.8,85,994
75.1,84,993
77.5,76,994
80.1,68,994
82.5,66,995
84.5,65,995
85.4,63,994
86.6,64,994
80.9,87,994
74.9,77,994
80,73,994
78.7,83,994
76.1,89,994
77.1,89,994
76.3,84,996
73.8,91,997
72.6,92,997
72.2,93,998
71.9,94,997
71.7,94,996
71.8,94,996
72,94,997
70.9,95,997
70.4,95,998
70.4,95,998
70.6,95,999
71,95,999
72,95,999
73,90,1000
73.3,91,1000
72.7,93,1000
72.5,87,1000
76.7,80,1000
77,79,999
77.1,80,1000
75.6,81,1000
74.4,84,1000
73.1,87,1001
71.8,90,1000
71.3,91,1001
71.4,91,1001
71.3,92,1001
71.1,92,1001
70.4,93,1001
70.7,92,1001
70.5,92,1001
70.1,92,1000
70,92,1001
69.7,92,1001
69.8,92,1001
70.1,93,1002
70.6,91,1002
72,88,1002
75.1,80,1001
77.7,77,1001
77.7,76,1001
81.2,71,1000
83,69,999
84,65,999
84.5,75,999
79.4,78,998
78.5,85,999
78.2,81,999
77.8,83,1000
76.7,87,1000
75.7,88,1000
75.2,89,999
74.8,90,999
74.2,91,999
74.4,90,998
74.3,90,998
74,90,999
73.7,90,999
74.3,89,1000
74.9,86,1000
75.8,79,1000
77.7,73,1000
80.2,69,1000
81.4,66,1000
83,64,999
84.5,60,998
86,58,998
84,75,998
74.5,93,998
73.1,92,998
74.2,92,999
73.2,93,999
72.6,93,1000
71.3,93,1000
70.9,94,999
70.6,94,999
71,94,999
71.2,94,998
71.9,94,998
72.4,94,998
72.6,94,999
72.7,94,1000
73.3,92,999
75.3,85,1000
76.6,82,1000
77.1,81,1000
79.4,77,1000
78.5,85,1000
76.7,87,1000
75.3,89,1000
73.6,91,999
75.8,85,999
78.5,83,999
78,87,999
76.2,87,999
74.3,88,1000
73.1,89,1000
72,91,1000
71.3,92,1000
70.9,93,1000
70.6,94,1000
70.7,93,1000
71.3,93,1000
71.6,94,1000
71.8,94,1000
72,95,1000
72.5,95,1000
74,87,1000
76.3,81,1000
78.5,74,1001
80.8,70,1000
81.7,68,999
82.7,68,999
83.7,64,998
84.8,62,997
83.8,73,997
82.9,69,997
81.8,72,997
79.5,80,997
77.8,79,997
77.1,79,998
76.4,82,998
75.4,86,998
74.8,88,997
74.8,88,997
74.7,88,997
74.4,87,997
73.8,88,997
73.8,89,997
73.5,90,997
74,88,998
74.7,86,998
74.8,88,998
75.9,82,998
76.8,77,998
78.3,76,997
79.2,72,997
80.5,71,996
82.3,65,996
83.7,63,995
82.8,66,995
82.9,66,995
81.2,76,995
77.3,85,995
76.4,88,996
76.7,89,996
76.4,79,996
69.4,92,996
68.4,94,996
68.1,94,994
68,94,994
67.9,94,994
67.7,95,994
67.5,95,994
67.7,94,995
69,89,996
72,81,995
75.3,74,995
77.6,72,995
78.8,70,994
81.7,69,994
82.8,64,994
82.5,64,993
84,65,993
82.7,69,993
82.3,67,992
80,75,993
76.4,89,995
68.2,93,995
68.1,94,994
68,94,994
68.3,94,994
68.4,94,993
68.8,94,993
68.8,94,992
68.3,94,993
68.1,94,993
68.5,95,993
69.5,95,994
70.4,94,994
74,80,994
77.9,77,994
78.9,76,994
79,75,994
80.5,71,994
83,67,993
83.8,66,992
83.7,68,992
84.1,64,992
83.8,67,992
81.6,79,992
78,82,993
76.8,87,993
75.9,85,993
76.5,87,993
75.6,89,992
74.8,91,992
74.4,93,991
73.8,94,992
73.8,94,992
73.2,93,991
72.4,92,992
72,93,992
73.6,87,992
75.2,84,992
76,81,992
76.9,80,992
77.3,79,992
79.2,72,992
79,81,992
79.9,65,991
82.7,64,991
83.7,63,991
82.2,71,991
79.5,79,992
75.2,91,992
73.5,91,993
73,92,993
72.2,94,993
72.7,92,993
72.7,93,993
72.6,93,993
72.2,91,993
71.4,91,993
71.7,92,993
72.3,93,993
73.5,92,993
74.6,89,994
76.2,88,994
72.6,93,995
70.1,94,994
74.6,77,994
78.4,77,994
81.1,69,993
83.2,61,992
83.8,61,992
84.6,62,992
83.1,69,992
80.5,76,993
77.1,88,995
70.5,92,994
70.6,93,995
70.1,94,995
71.1,94,995
71.8,95,995
72.9,95,994
73.2,95,994
73.5,95,994
73.3,95,994
73.2,95,995
73.5,95,995
74.4,88,995
76.1,85,995
77,82,996
79.9,72,995
81.9,72,995
81.7,76,995
81.2,75,994
82.2,68,994
82,73,993
80.2,75,994
78.5,79,994
77.5,82,995
76.6,85,995
75.5,88,996
74.4,79,997
72.5,84,996
73.5,88,996
74.8,86,996
73.5,82,996
72.1,89,996
70.2,92,996
69.3,93,996
68.9,94,997
71.2,90,997
74.2,88,998
76.1,85,998
77.3,84,998
76.4,81,997
73.6,89,997
78.4,75,996
81.7,73,996
77.5,87,996
73,92,995
73,93,995
73,93,995
71.9,92,995
70.8,92,996
70.4,93,996
69.7,94,996
69.8,94,996
70.1,95,996
70.2,95,995
70.1,95,995
70.3,95,995
70.6,95,994
70.7,95,994
70.8,95,995
71.3,95,996
71.9,95,996
73,93,996
74.1,86,996
77.3,76,996
79.7,72,996
81.7,66,996
82.9,64,996
83.3,63,995
84.3,55,995
83.7,62,995
82.8,70,995
81,78,995
77.3,82,996
76.7,82,997
76.1,85,997
74.6,88,997
73.9,91,998
72.6,92,998
72.5,92,998
71.6,94,998
72.2,94,998
72.6,94,998
71.6,92,999
71.5,85,999
75,84,1000
77.4,79,1000
81,66,1000
82.8,67,1001
83.4,64,1001
84.6,66,1001
85.2,60,1000
87,55,1000
86.3,61,1001
84.2,70,1001
79.1,74,1002
77.4,81,1002
76.3,84,1002
75.7,86,1003
75.2,88,1004
74.3,90,1004
74,92,1004
73.9,93,1004
73.6,93,1004
73.5,93,1004
73.4,94,1005
73.3,94,1005
72.9,94,1006
73.7,93,1006
75.8,85,1007
76.9,83,1007
78.4,77,1008
81.9,70,1008
84.1,60,1008
85,61,1007
85.3,63,1007
86.6,60,1006
87.2,60,1006
85.6,66,1006
84,72,1006
82.1,76,1006
80.3,77,1007
79.8,83,1007
77.7,90,1008
75.9,93,1008
74.9,93,1008
74.6,94,1008
74.3,94,1008
73.9,94,1008
73.6,95,1008
73.8,95,1008
73.2,95,1009
74.4,95,1009
76,93,1009
79.8,75,1009
83.7,67,1008
86,60,1008
82.9,87,1008
82.7,69,1007
82.9,75,1007
86.6,67,1006
82.9,82,1006
83.4,65,1006
83.5,73,1006
81,87,1006
77.5,90,1007
75.5,93,1007
75.1,94,1007
75.2,94,1007
74.9,94,1006
74.6,95,1006
73.9,95,1006
73,95,1005
72,95,1005
71.3,95,1005
71.1,95,1006
71.9,95,1006
76,94,1006
81.5,66,1005
85.1,64,1005
86.5,61,1005
86.3,62,1004
88,58,1004
87.3,60,1003
88.8,63,1002
87.9,60,1002
85.7,76,1001
77.9,77,1001
73.9,90,1001
72.4,93,1001
73.4,93,1001
73,94,1001
72.6,94,1001
72.4,94,1000
74.2,88,1000
74.2,90,999
74.8,90,999
74.7,88,998
74.5,90,998
73.9,90,998
75.1,88,998
77.2,84,998
79,80,998
79.4,82,998
76.3,89,998
71.5,93,997
75.5,87,997
80.7,77,996
82.9,68,995
83.4,66,994
84.5,65,993
83.2,69,993
80.7,76,994
78.1,81,994
77.3,85,995
76.8,82,994
75.4,87,994
73.6,91,994
72.8,92,993
73.1,92,993
72.5,93,994
72.7,92,994
72.7,92,993
72.4,92,994
72.3,91,994
73.1,88,994
74.6,83,994
77.5,78,995
80.6,73,995
82.6,69,994
85,66,994
86.3,61,994
86.6,65,993
82,71,993
78.5,72,993
78.1,80,993
76.4,87,994
74.6,89,994
74.2,89,995
75.1,91,995
74,93,995
73.5,93,995
72.5,92,995
71.5,94,995
71,94,995
70.4,95,995
70.2,95,996
69,95,996
69,95,997
72.4,87,998
75.2,83,998
78.5,77,998
80.7,72,998
83,65,998
85,65,998
85.3,61,997
86.5,60,997
85.6,67,997
82,70,998
74,89,998
71.2,92,999
70.1,93,1000
69.8,93,1000
69.4,94,1000
69.4,94,1000
69.4,94,1000
69.1,95,1000
68.7,95,1000
68.6,95,1000
68.6,95,1000
68.8,95,1001
69.3,95,1001
70.1,95,1002
71.1,95,1002
71.7,95,1003
72.4,95,1003
74.2,89,1003
77.8,80,1003
81.1,68,1002
83.4,64,1002
85.5,59,1001
85.4,59,1001
82.7,81,1001
77.9,84,1001
77.5,89,1002
74.9,92,1003
74.5,88,1003
74.9,87,1003
74.1,92,1003
72.4,93,1003
71.7,94,1003
71.2,95,1002
71,95,1002
71.6,95,1002
71.5,95,1003
71.2,95,1003
71.6,95,1004
72.2,95,1004
74.5,85,1004
78.8,76,1004
81.3,70,1004
81.3,71,1003
82.1,63,1003
85.4,59,1002
86.3,61,1002
86.6,60,1002
83.6,63,1001
82.6,64,1001
80.1,81,1001
75.6,86,1002
73.5,91,1002
72.5,93,1002
73.2,90,1002
72.6,91,1002
72.4,92,1002
70.5,94,1002
70,94,1002
69.5,95,1002
69.2,95,1002
68.6,95,1002
70.7,95,1002
74.4,84,1002
79.2,76,1002
82.7,68,1002
83.5,69,1001
84.6,58,1001
86.5,57,1000
87.3,51,1000
87.8,55,999
88.4,52,998
87.5,53,998
86.2,61,998
81.9,75,998
79,80,999
77.8,82,999
77,82,999
77,82,999
76.2,85,998
75.5,87,998
75.2,85,998
75,85,998
75.1,85,998
74.4,88,998
73.5,89,998
74.4,84,998
77.5,77,997
80.6,71,998
82.4,67,998
84.4,66,997
85.9,64,997
87,60,996
83.8,83,997
71.6,89,996
72.1,89,995
75.5,85,995
75.1,91,994
74.3,90,994
73.2,93,995
73.5,91,995
74.7,89,995
75.4,89,995
75.5,84,995
74.8,83,995
73.8,85,995
73,86,995
72.3,88,994
71.4,90,995
70.8,90,995
70.7,89,996
72.6,83,996
76.9,74,996
79.9,72,997
83.1,66,997
84.9,65,997
86.6,57,996
87.8,60,996
88.1,54,995
87.9,56,995
85.8,65,995
83.4,71,996
80.3,81,996
78.1,86,997
78,83,997
77.3,85,998
76.5,85,998
75.5,79,999
74.5,70,998
73.5,71,999
72.6,75,998
71.4,79,999
70.6,80,999
70.1,84,1000
70.1,78,1000
72.8,62,1001
74.8,57,1001
77.3,53,1002
80.2,50,1002
81.6,48,1001
82.5,46,1001
82.9,50,1001
82.6,50,1000
82.9,55,1000
81.7,56,1000
79,72,1000
76.6,72,1000
74.8,79,1001
73.1,82,1001
72.4,85,1001
70.5,86,1001
69,91,1001
68,92,1001
69.4,85,1000
67.8,92,1001
66.7,93,1001
65.3,94,1001
65.1,94,1001
65.7,94,1002
71.9,76,1002
76.3,69,1002
78.9,61,1002
80.6,58,1001
82.1,58,1001
83.5,56,1000
84.5,57,999
85.2,56,999
85.3,58,998
85.1,59,998
83.9,63,998
81.4,72,998
79.1,77,999
77.3,78,999
77.2,76,999
77.1,78,999
76.8,79,999
76.7,78,999
75.7,83,998
74.4,84,998
74.1,86,998
73.1,89,998
71.7,92,999
72,86,999
76,75,999
79.8,66,999
83.2,61,999
85.7,61,999
87.6,53,999
89.2,52,998
90,48,998
90.3,47,997
90.2,51,997
89.4,53,997
88.4,58,997
84.2,68,996
80.8,73,997
79.9,70,997
80.1,74,997
79.5,72,997
79.3,75,997
78.5,78,997
78.1,79,997
76.9,83,997
75.9,86,997
75.9,86,997
75.5,87,997
76.2,85,998
78.9,77,998
82,69,998
85.3,64,999
87.8,59,999
90.4,51,998
92.3,49,998
93.5,48,998
93.9,47,997
93.6,50,996
92.1,56,996
90.6,58,996
86.4,73,997
83.5,76,998
82.5,75,998
82.6,73,999
81.8,74,999
81,75,999
80.4,79,999
79.9,80,999
79.1,84,999
77.8,88,1000
76.7,90,999
76.2,91,1000
76.5,88,1001
79.2,80,1001
82.7,71,1001
86.1,65,1002
88,60,1001
89.7,55,1001
90.4,49,1000
91.2,51,1000
91.5,51,999
91.6,52,999
91.5,53,999
89.3,64,999
85.8,71,1000
83.6,70,1000
81.7,69,1001
80.1,73,1001
79.6,77,1002
79.3,80,1002
78.5,82,1001
77.5,84,1001
76.8,85,1001
76.1,87,1001
75.4,88,1002
75.1,88,1002
75.9,84,1002
78.3,76,1003
80.9,73,1003
83.5,68,1003
86.1,64,1003
88.1,59,1002
89.4,60,1002
90.5,51,1001
90.3,51,1000
91,53,1000
89.8,59,1000
87.6,65,1000
84.7,70,1001
83.3,68,1002
82.6,67,1002
82,67,1002
80.7,76,1003
79.3,80,1003
78.5,82,1003
77.6,83,1003
77,84,1003
76.1,87,1003
75.4,88,1003
74.8,90,1003
75.3,86,1003
77.4,80,1003
80.5,72,1003
83.4,65,1003
85.9,60,1003
88,57,1003
88.9,55,1003
89.2,55,1002
90.1,56,1002
89.4,53,1001
90,54,1001
88.1,61,1001
83.7,71,1002
81.1,79,1003
80.6,72,1003
81.2,73,1004
78.3,82,1004
74.7,88,1004
73.8,88,1004
74.9,89,1004
75.8,89,1003
75.4,91,1003
75.1,91,1004
74.2,93,1004
74,94,1005
76.8,87,1005
79.8,77,1005
82.9,70,1005
83.8,73,1005
86,64,1004
75.8,94,1006
71.4,94,1004
71.3,95,1004
72.5,95,1004
73,95,1005
73,95,1005
72.6,95,1005
72.2,95,1005
71.9,95,1006
71.7,95,1006
71.3,95,1006
70.8,95,1006
70.3,95,1005
69.2,95,1005
69.1,95,1005
68.8,95,1005
69.7,95,1005
70.6,95,1005
72.2,95,1005
73.4,95,1005
74.2,95,1005
75.4,95,1006
78.4,78,1005
82.5,66,1005
84.7,57,1004
86.2,58,1003
87,59,1003
86.9,55,1002
86.8,56,1002
86.3,60,1002
81.5,82,1002
79.5,73,1002
78,80,1003
76.6,81,1004
76.5,81,1004
75.7,84,1004
75.2,86,1003
74.6,88,1002
73.7,91,1002
72.8,92,1002
72,93,1002
71.6,94,1003
72.3,91,1002
75.3,83,1003
78,75,1002
80.6,69,1002
82,68,1002
84.1,60,1001
85.4,57,1001
86.2,58,1000
86.4,55,1000
86.8,56,999
86.9,54,999
85.4,68,999
81.5,73,1000
79.1,77,1000
77.6,81,1001
76.3,84,1001
75,87,1001
74.5,85,1001
74.3,87,1000
73.4,90,1000
73.4,91,1000
73.3,91,1000
73,92,1000
73.4,92,1000
74.1,88,1000
76.5,82,1000
79.5,76,1001
81.6,71,1000
83.2,68,1000
84.4,57,999
85.5,63,999
86.3,58,998
86.6,62,997
87.4,55,997
87.2,58,997
85.6,61,997
82.8,67,997
79.5,74,997
76.7,79,997
75.9,83,997
75.4,86,997
74.7,89,997
74.9,89,996
75.2,89,996
74.8,90,996
74.5,91,995
74,92,995
73.5,92,996
74.2,89,996
75.1,86,995
76.6,81,995
78.4,78,995
80,75,995
82.6,67,994
84.9,65,993
85.9,61,992
84.5,64,992
81.4,76,993
71.3,93,993
69.3,94,993
69,94,993
68.5,94,994
68.3,95,994
68,95,994
67.9,95,995
67.6,95,994
67,95,994
66.2,95,994
66,95,994
66.5,95,994
66.4,95,995
66.5,95,996
65.8,95,997
67.4,84,997
70.3,74,998
73.2,60,998
75.4,61,998
76.9,60,997
78.3,56,997
79.3,58,997
79.5,57,996
79.8,55,996
78.8,59,996
76.6,66,997
73,73,997
69.9,79,998
68.3,78,999
67.5,75,999
66.6,74,999
65.9,75,1000
64.8,78,999
63.1,80,999
61.4,79,999
60.3,82,999
59.6,82,999
59.2,82,1000
59.5,84,1001
60.8,81,1001
63.1,77,1001
64.6,78,1001
66.1,71,1001
67.9,69,1001
69.5,67,1000
70.5,64,1000
71.2,63,999
71,65,999
70.2,71,999
68.8,75,1000
67,82,999
64.6,89,1000
62.3,92,999
61.1,94,999
60.8,93,999
60.6,93,999
60.8,93,999
60.8,94,999
60.8,94,998
60.3,94,998
60.4,94,998
60.5,94,998
61.4,89,999
63.8,84,999
66.8,75,999
71.1,68,999
72.1,64,999
74.9,57,998
76.2,63,998
77.2,61,997
78.1,57,997
78.7,57,997
76.1,62,996
74.2,70,996
71.9,75,997
70.6,75,997
69.7,75,997
68.9,77,997
68.3,81,997
67.5,85,997
66.7,87,997
67.2,85,997
67.7,82,996
67.4,81,996
66.8,82,996
66.1,84,997
65.4,87,997
65,89,998
64.8,88,999
64.2,90,999
62.1,92,999
61.2,93,998
63.6,90,998
66.8,85,998
69.8,78,997
70.5,76,997
71.8,77,997
70.8,81,997
68.5,86,998
67,87,998
66.5,85,998
65.8,88,999
65,89,999
64.3,91,999
64.3,91,999
65.1,90,998
65.4,89,998
65,92,998
64.1,93,999
63.6,93,999
64,93,1000
65.4,91,1000
67.1,84,1001
70.9,76,1001
72.6,74,1001
74.9,65,1001
76.5,68,1001
76.1,68,1000
76.8,69,1000
76.6,70,1000
76,69,1000
74.6,73,1000
72.3,76,1001
71.1,76,1002
69.8,78,1002
67.8,83,1002
66.2,84,1002
65,84,1002
64.3,85,1002
63.1,87,1002
62.3,87,1002
61.7,88,1002
61.5,89,1002
61.3,89,1002
61.6,88,1003
61.8,87,1003
62.6,86,1003
62.8,86,1004
63.4,85,1004
64.3,83,1004
67.6,68,1004
70.8,62,1003
72.2,58,1002
73.1,60,1002
72.5,58,1002
71.8,63,1002
67.7,72,1003
65.4,74,1003
64,78,1003
62.2,81,1003
60.4,82,1003
59.7,83,1003
59.3,84,1003
58.6,84,1002
58,85,1002
57.1,86,1001
56.4,90,1001
55,92,1002
56.1,87,1002
60.3,76,1003
65.1,67,1003
68.8,60,1003
71.6,55,1003
73.8,45,1002
75.1,48,1001
76.4,42,1001
77.1,41,1000
77.2,47,1000
76.5,50,1000
74.2,55,1000
70.2,66,1000
67.6,69,1000
66.6,72,1000
65.7,76,1001
64.4,81,1000
63.3,84,1000
62.6,85,1000
63,83,999
63.6,85,999
63.5,85,998
64,86,998
64,87,998
64,86,998
64.5,86,999
63.9,87,999
64.4,86,999
66,85,999
67.8,81,998
69.9,79,998
70.9,77,997
70.4,79,996
70.1,80,996
69.2,81,996
68.5,82,996
66.5,89,997
65.2,87,997
65.4,85,997
64.6,90,997
63.4,94,997
63.1,94,997
62.7,94,997
62.6,94,997
62.7,94,997
62.8,94,996
63,94,997
63.2,94,997
63.4,95,998
64.3,94,998
65.2,92,999
66.2,90,999
67.4,88,999
68,88,999
68.7,84,999
70.5,81,999
71.1,79,999
72.1,78,999
72.3,79,999
71.6,82,999
70.5,86,1000
69.8,87,1001
69.3,90,1001
69,89,1001
69.1,90,1002
68.3,92,1002
68,93,1002
67.7,94,1002
67.6,94,1002
67.4,94,1002
67.1,93,1002
66.9,93,1002
66.9,93,1003
69.1,82,1003
72.6,78,1003
76.1,68,1003
77,73,1003
78.2,68,1002
78,69,1002
79.3,65,1002
81.6,59,1001
80.7,70,1001
79.4,72,1001
77.7,76,1001
73.8,87,1001
71.4,91,1001
69.6,93,1001
70.1,90,1001
70.1,92,1001
69.5,92,1000
67.7,94,1000
66.3,95,1000
65.8,95,999
64.2,95,999
64.3,95,999
63.5,95,999
64.1,95,1000
66.7,95,1000
70.7,81,1000
75.6,71,1000
78.9,69,999
79.4,65,999
81,57,998
81.8,54,997
83.6,58,997
84.7,53,996
82.9,63,996
79.6,78,997
73,92,997
70.8,93,997
70.2,94,998
70.3,86,999
69.3,90,999
67.9,92,999
67.6,93,1000
67.3,90,1000
66.5,86,1000
65.8,90,1000
65.8,87,1000
65.9,85,1001
65.9,84,1001
67.3,73,1002
70.5,56,1003
72.8,52,1003
74,51,1003
75.7,51,1002
77.1,46,1002
78,46,1001
78.4,44,1001
78.4,44,1000
77.4,44,1001
75,53,1000
70.3,62,1001
67.4,67,1001
64.4,76,1001
62.1,85,1002
61,72,1002
60.9,75,1002
59.7,74,1002
57.8,85,1002
55.9,81,1002
57.1,75,1001
57.6,78,1002
57.2,81,1002
58.1,77,1003
61.1,72,1003
65.2,64,1002
70.3,54,1002
73.5,43,1002
75.5,44,1002
76.3,41,1001
77.5,44,1000
78,49,1000
77.1,52,1000
75.8,50,1000
74,55,1000
72.1,51,1000
70.7,56,1000
69.9,54,1000
69.2,59,999
69,59,998
68.7,60,998
67.9,63,997
67.5,68,997
67,71,996
66.5,75,995
65.4,77,995
64.7,86,994
63,90,993
62.3,92,992
63.2,92,991
64.3,92,988
64.5,91,985
64.6,90,982
64.7,91,979
65.4,91,976
65.1,90,973
64.3,90,971
64.4,89,969
64.7,89,969
64.6,90,970
64.8,92,972
64.7,88,975
65,90,977
64.2,91,981
64,91,983
64.8,86,985
66.7,78,986
67.2,80,987
66.3,78,989
66.5,76,990
65.9,77,992
65.8,76,993
67.6,73,994
70.4,69,996
73.8,61,996
76.6,53,997
80,50,997
81.2,46,997
82.5,44,997
83.5,45,997
83.9,48,997
83.5,49,998
80.5,64,998
74.1,77,999
72.1,75,999
70.8,78,1000
70.4,77,1000
67.2,90,1000
64.9,91,1000
63.4,94,1000
62.1,94,1000
61.6,95,1000
60.6,95,1001
60.6,95,1001
60,95,1001
60.4,95,1002
65.9,94,1002
73.5,67,1003
77.7,54,1003
81.2,48,1003
82.6,42,1002
83.7,41,1002
84.7,42,1001
85.1,37,1001
85.7,36,1001
83.7,53,1001
80.2,65,1001
73.7,83,1002
70.2,84,1003
68.8,90,1003
67.2,91,1003
66,93,1003
65.6,93,1003
64.6,94,1003
64.1,94,1003
63.3,94,1003
61.8,95,1003
61.7,95,1004
61.8,95,1004
62.2,95,1004
66.6,86,1005
73.3,69,1005
78.1,58,1005
80.1,57,1005
81.2,49,1004
81.9,49,1004
82.6,54,1003
81.8,53,1003
81.7,61,1002
80.6,63,1002
78.6,68,1003
75.9,80,1003
74.6,77,1003
73.3,90,1003
72.1,87,1003
72,90,1003
71,92,1003
70.9,92,1003
70.3,93,1003
69.9,94,1002
69.9,94,1002
69.6,94,1002
69.4,94,1002
69.2,92,1002
69.7,91,1002
70.4,90,1002
71.7,87,1001
74.4,79,1001
76.7,76,1000
77.2,74,999
77.5,86,998
73.5,91,997
75.4,87,996
76,89,996
75.1,92,996
74.4,93,996
73.9,90,996
73.4,91,996
73.9,91,996
74.3,91,995
74.4,91,994
73.8,92,993
73.6,92,992
73.3,91,992
72.5,92,991
69.3,91,993
66.4,94,994
66.6,93,994
66.9,90,995
67.9,78,996
70.3,64,996
73.4,55,996
76.1,45,996
77.6,41,995
78.4,40,995
78.8,41,995
78.6,46,995
77.6,44,995
75.1,64,995
68,79,997
65,86,997
63.3,87,998
61.7,91,998
60.2,92,998
59.3,93,998
58.8,93,998
58.2,94,998
57.9,95,999
58.6,95,999
58.1,83,999
58.5,84,1000
57.9,87,1001
62,70,1001
67.2,63,1002
70.6,63,1002
73.3,55,1002
75.5,47,1001
77.6,47,1001
78.8,47,1001
78.4,40,1000
78.3,51,1000
74.2,61,1000
72.9,64,1000
67,80,1000
64.6,84,1000
62.7,89,1000
61,91,999
60.3,93,999
59.8,94,999
59.4,94,999
59.1,94,999
57.8,94,999
57.4,95,999
56.8,95,999
56.2,95,999
56.2,95,999
61.6,82,1000
70.8,66,1000
74.1,57,999
76.4,49,999
77.8,47,999
79,46,998
80,48,997
81.2,43,997
81.4,44,996
80.9,51,996
77.2,63,996
71.6,77,996
68.1,87,997
66.3,83,997
66.2,87,997
66.7,77,997
67.2,79,997
66.6,83,997
63.1,93,997
61.2,94,996
59.7,94,996
59.1,95,996
59.6,95,997
59.7,95,997
63.1,94,997
71,66,998
75.7,56,998
79.4,57,998
80.4,50,997
80.6,51,997
80.3,46,996
81.7,47,996
81.9,48,996
81.1,52,995
77.5,66,995
72.1,79,995
69.5,80,996
69.2,79,996
68,78,996
68.1,81,996
66.9,85,996
65.6,89,995
63.7,91,995
63,92,995
60.6,94,995
59.8,95,994
58.8,95,994
59,95,995
62.1,95,995
67.7,77,996
74.5,72,996
76.8,63,995
79.6,53,994
81.2,47,993
81.6,56,992
81.5,51,991
80.7,61,991
74,76,991
71.7,78,991
70.6,84,992
69.8,87,992
69.3,89,992
68,92,992
66.4,94,991
66.7,94,990
65.9,95,990
66.8,95,989
66.5,95,989
67.3,95,989
68,94,989
68,93,989
67.9,93,989
67.6,85,990
67.9,80,990
68.9,74,990
69.6,60,990
72.2,55,990
73.3,55,989
74.3,47,989
76,43,989
75.2,38,989
74.2,39,990
70.6,53,990
64.4,73,991
60,80,992
60,71,993
61,59,994
60.5,56,995
59.3,54,995
57.8,57,995
56.4,58,995
54.8,62,995
53.9,65,996
52.4,69,996
50.8,73,997
49.9,74,998
52.8,60,999
56.5,51,1000
59.7,44,1000
62.2,45,1000
64.1,34,1000
65.7,38,1000
66.1,41,1000
65.9,39,999
66,38,1000
65.5,47,1001
62.1,58,1001
56.3,73,1002
53.7,78,1003
52.3,78,1003
50.2,88,1004
49.7,90,1004
47.5,91,1004
47,93,1005
47.6,88,1005
47.2,87,1005
46.2,91,1005
45.2,92,1006
44.9,91,1006
44.2,93,1007
49.6,71,1007
56.2,63,1008
60.2,50,1007
62.8,41,1007
64.5,40,1007
65.7,40,1006
66.8,38,1005
68,36,1005
68.2,39,1005
68.1,47,1004
63.3,61,1004
57.2,78,1004
53.9,85,1005
52.2,86,1005
51.1,90,1005
51.7,86,1004
50.7,87,1004
49.7,89,1004